Jon Rahm,1
Dustin Johnson,2
Collin Morikawa,3
Patrick Cantlay,4
Xander Schauffele,5
Justin Thomas,6
Bryson DeChambeau,7
Louis Oosthuizen,8
Brooks Koepka,9
Tony Finau,10
Harris English,11
Abraham Ancer,12
Viktor Hovland,13
Jordan Spieth,14
Rory McIlroy,15
Daniel Berger,16
Hideki Matsuyama,17
Billy Horschel,18
Tyrrell Hatton,19
Patrick Reed,20
Scottie Scheffler,21
Webb Simpson,22
Paul Casey,23
Cameron Smith,24
Kevin Na,25
Sam Burns,26
Matt Fitzpatrick,27
Jason Kokrak,28
Sungjae Im,29
Joaquin Niemann,30
Will Zalatoris,31
Corey Conners,32
Phil Mickelson,33
Lee Westwood,34
Kevin Kisner,35
Tommy Fleetwood,36
Ryan Palmer,37
Adam Scott,38
Christiaan Bezuidenhout,39
Shane Lowry,40
Marc Leishman,41
Justin Rose,42
Sergio Garcia,43
Max Homa,44
Brian Harman,45
Stewart Cink,46
Matthew Wolff,47
Garrick Higgo,48
Ian Poulter,49
Si Woo Kim,50
Lucas Herbert,51
Erik van Rooyen,52
Victor Perez,53
Mackenzie Hughes,54
Robert MacIntyre,55
Kevin Streelman,56
Branden Grace,57
K.H. Lee,58
Russell Henley,59
Alex Noren,60
Bernd Wiesberger,61
Charley Hoffman,62
Min Woo Lee,63
Bubba Watson,64
Cam Davis,65
Sebastián Muñoz,66
Carlos Ortiz,67
Chris Kirk,68
Cameron Champ,69
Matt Wallace,70
Guido Migliozzi,71
Cameron Tringale,72
Charl Schwartzel,73
Emiliano Grillo,74
Matt Jones,75
Jason Day,76
Talor Gooch,77
Keegan Bradley,78
Thomas Detry,79
Harold Varner III,80
Brendon Todd,81
Rasmus Hojgaard,82
Matt Kuchar,83
Lucas Glover,84
Takumi Kanaya,85
Dylan Frittelli,86
Jhonattan Vegas,87
Joel Dahmen,88
Gary Woodland,89
Santiago Tarrio,90
Richard Bland,91
Martin Kaymer,92
Lanto Griffin,93
Aaron Rai,94
Rikuya Hoshino,95
Laurie Canter,96
Troy Merritt,97
Justin Harding,98
Antoine Rozner,99
Aaron Wise,100
Sam Horsfield,101
Dean Burmester,102
Ryosuke Kinoshita,104
Mito Pereira,105
Andy Sullivan,107
Johannes Veerman,108
Seamus Power,109
John Catlin,110
Shugo Imahira,111
Thomas Pieters,112
Maverick McNealy,113
Daniel van Tonder,114
Patton Kizzire,115
Stephan Jaeger,116
Tom Hoge,117
Brendan Steele,118
Rory Sabbatini,119
Jason Scrivener,120
J.T. Poston,121
Rickie Fowler,122
Harry Higgs,123
Chan Kim,124
Adam Long,125
Hudson Swafford,126
Adam Hadwin,127
Brandon Stone,128
Matthias Schwab,129
Keith Mitchell,131
George Coetzee,132
Marcus Armitage,133
Martin Laird,134
Robert Streb,135
Joohyung Kim,138
Henrik Stenson,139
Zach Johnson,140
Greyson Sigg,141
Shaun Norris,142
C.T. Pan,143
Ryo Ishikawa,144
Yuki Inamori,145
Richy Werenski,146
Andrew Putnam,147
Michael Thompson,148
Henrik Norlander,149
Kalle Samooja,150
Brandt Snedeker,151
Sepp Straka,153
Kramer Hickok,154
Brandon Hagy,155
Danny Willett,156
Joseph Bramlett,157
Adrian Meronk,158
Jim Herman,159
Adrian Otaegui,162
Kurt Kitayama,163
Sami Valimaki,165
David Lipsky,166
Francesco Molinari,167
Luke List,168
Chez Reavie,169
Cameron Young,172
Padraig Harrington,173
Seonghyeon Kim,176
Doc Redman,178
Nick Taylor,180
Charles Howell III,181
Byeong Hun An,182
Hank Lebioda,183
Jazz Janewattananond,184
Tom Lewis,187
James Hahn,188
Adam Schenk,190
Pat Perez,192
Wade Ormsby,194
Kiradech Aphibarnrat,195
Ryan Moore,197
Marcel Siem,199
Sam Ryder,200
